{
  "project_info": {
    "project_number": "523906837415",
    "project_id": "ku-student-portal-1b8c4",
    "storage_bucket": "ku-student-portal-1b8c4.appspot.com"
  },
  "client": [
    {
      "client_info": {
        "mobilesdk_app_id": "1:523906837415:android:135fd1220583a5e9f72482",
        "android_client_info": {
          "package_name": "com.example.kustudentportal"
        }
      },
      "oauth_client": [
        {
          "client_id": "523906837415-06b2lpbdfu3i7l473m98pvd49r7sulc6.apps.googleusercontent.com",
          "client_type": 3
        }
      ],
      "api_key": [
        {
          "current_key": "AIzaSyCEomlYeLn1HWHITh0XCCjwPrpXGXkRSCw"
        }
      ],
      "services": {
        "appinvite_service": {
          "other_platform_oauth_client": [
            {
              "client_id": "523906837415-06b2lpbdfu3i7l473m98pvd49r7sulc6.apps.googleusercontent.com",
              "client_type": 3
            }
          ]
        }
      }
    }
  ],
  "configuration_version": "1"
}